name,step,checkpoint_path,image_path,continuous_re,continuous_ssim,best_threshold,best_threshold_re,best_threshold_ssim,square_min,square_mean,square_max,center_mean,center_max,edge_mean,background_mean,eps_min,eps_max,eps_mean,data_loss,pde_loss,boundary_loss,integral_data_loss
results_5_3_2_square_0_3GHz_B_to_epsbin_0p001_2k,18000.0,square_target\results_5_3_2_square_0_3GHz_B_to_epsbin_0p001_2k\checkpoint_adam_018000.pt,square_target\results_5_3_2_square_0_3GHz_B_to_epsbin_0p001_2k\comparison_adam_018000.png,0.2007283946428191,0.9316035444448552,2.1400000000000006,0.08101207169809153,0.9907645900300293,1.788472056388855,3.286371946334839,3.7994394302368164,3.6816089153289795,3.785653829574585,3.1546263694763184,1.0402666330337524,1.0,3.7994394302368164,1.3996435403823853,3.5147348853570293e-07,0.022122640162706375,0.00227976031601429,8.53843357617734e-06
results_5_3_2_square_0_3GHz_B_to_epsbin_0p003_2k,18000.0,square_target\results_5_3_2_square_0_3GHz_B_to_epsbin_0p003_2k\checkpoint_adam_018000.pt,square_target\results_5_3_2_square_0_3GHz_B_to_epsbin_0p003_2k\comparison_adam_018000.png,0.200186443360046,0.9321037003004633,2.1400000000000006,0.08067381522408568,0.9908393179024708,1.780930757522583,3.2919716835021973,3.8131046295166016,3.694159746170044,3.8017690181732178,3.1579089164733887,1.0397919416427612,1.0,3.8131046295166016,1.4001407623291016,3.520519271660305e-07,0.02198883891105652,0.0022517151664942503,8.536489985999651e-06
results_5_3_2_square_0_3GHz_B_to_epsbin_0p01_2k,18000.0,square_target\results_5_3_2_square_0_3GHz_B_to_epsbin_0p01_2k\checkpoint_adam_018000.pt,square_target\results_5_3_2_square_0_3GHz_B_to_epsbin_0p01_2k\comparison_adam_018000.png,0.1986126204061823,0.9334431739116518,2.120000000000001,0.08067381522408568,0.9908412834340492,1.768916130065918,3.304553270339966,3.840348482131958,3.7156264781951904,3.8253495693206787,3.1675286293029785,1.0387688875198364,1.0,3.840348482131958,1.4012943506240845,3.672280399769079e-07,0.021646739915013313,0.002213412895798683,8.53022538649384e-06
results_5_3_2_square_0_3GHz_current_best_to_paper_2k,16000.0,square_target\results_5_3_2_square_0_3GHz_current_best_to_paper_2k\checkpoint_adam_016000.pt,square_target\results_5_3_2_square_0_3GHz_current_best_to_paper_2k\comparison_adam_016000.png,0.6507911625577047,0.006172224061854508,1.2,0.6507913734559685,0.006171643346034391,1.0,1.0000009536743164,1.0000020265579224,1.0000015497207642,1.0000020265579224,1.0000008344650269,1.0,1.0,1.0000020265579224,1.0000001192092896,0.0007689375779591501,0.00728283915668726,0.026168115437030792,0.0036239747423678637
results_5_3_2_square_0_3GHz_current_best_to_paper_lamep_0p001_1k,15000.0,square_target\results_5_3_2_square_0_3GHz_current_best_to_paper_lamep_0p001_1k\checkpoint_adam_015000.pt,square_target\results_5_3_2_square_0_3GHz_current_best_to_paper_lamep_0p001_1k\comparison_adam_015000.png,0.25189955348714804,0.8870306740291476,1.9900000000000007,0.15441957755079966,0.9664966855018349,1.631631851196289,3.1284239292144775,3.956803560256958,3.8214361667633057,3.956803560256958,2.8974201679229736,1.0714324712753296,1.0,3.956803560256958,1.4005510807037354,9.727274118631613e-06,0.000872938078828156,0.00023690558737143874,6.879764259792864e-05
results_5_3_2_square_0_3GHz_current_best_to_paper_lamep_0p003_1k,15000.0,square_target\results_5_3_2_square_0_3GHz_current_best_to_paper_lamep_0p003_1k\checkpoint_adam_015000.pt,square_target\results_5_3_2_square_0_3GHz_current_best_to_paper_lamep_0p003_1k\comparison_adam_015000.png,0.2667465545715845,0.8690457716329317,1.9900000000000007,0.13555912411301138,0.9740297613088292,1.5196223258972168,3.0040552616119385,3.7453219890594482,3.64996075630188,3.7453219890594482,2.7887532711029053,1.0698529481887817,1.0,3.7453219890594482,1.379325270652771,1.976481689780485e-05,0.0009124632342718542,0.00032309896778315306,9.407974721398205e-05
results_5_3_2_square_0_3GHz_current_best_to_paper_lamep_0p01_1k,15000.0,square_target\results_5_3_2_square_0_3GHz_current_best_to_paper_lamep_0p01_1k\checkpoint_adam_015000.pt,square_target\results_5_3_2_square_0_3GHz_current_best_to_paper_lamep_0p01_1k\comparison_adam_015000.png,0.3206509553895675,0.7948957442974305,1.8500000000000005,0.24179536300201382,0.9183679421717397,1.3181191682815552,2.663641929626465,3.1228229999542236,3.10290265083313,3.1228229999542236,2.517221212387085,1.0649558305740356,1.0,3.1228229999542236,1.320745587348938,8.430797606706619e-05,0.0014056524960324168,0.0007025853265076876,0.00022642171825282276
results_5_3_2_square_0_3GHz_current_tv_plus_lep_0p001_14000,14000.0,square_target\results_5_3_2_square_0_3GHz_current_tv_plus_lep_0p001_14000\checkpoint_adam_014000.pt,square_target\results_5_3_2_square_0_3GHz_current_tv_plus_lep_0p001_14000\comparison_adam_014000.png,0.2136942126604061,0.9191214375445241,2.320000000000001,0.062314381634444777,0.9945442011508783,1.8618247509002686,3.155735492706299,3.396869421005249,3.3435051441192627,3.396869421005249,3.0931456089019775,1.047581434249878,1.0,3.396869421005249,1.3848860263824463,9.910621656672447e-07,0.03857361525297165,0.0045433975756168365,8.336963219335303e-06
results_5_3_2_square_0_3GHz_domain095_nohb_3k,3000.0,square_target\results_5_3_2_square_0_3GHz_domain095_nohb_3k\checkpoint_adam_003000.pt,square_target\results_5_3_2_square_0_3GHz_domain095_nohb_3k\comparison_adam_003000.png,0.3386455387902702,0.765168587828748,2.200000000000001,0.1721705071134103,0.9580189064440334,1.9369245767593384,2.5906665325164795,2.9129528999328613,2.8606300354003906,2.9129528999328613,2.500678539276123,1.0833152532577515,1.0,2.9129528999328613,1.3244915008544922,2.831636720657116e-06,0.2534301280975342,0.014219306409358978,9.020102879730985e-06
results_5_3_2_square_0_3GHz_edge_100_14000,14000.0,square_target\results_5_3_2_square_0_3GHz_edge_100_14000\checkpoint_adam_014000.pt,square_target\results_5_3_2_square_0_3GHz_edge_100_14000\comparison_adam_014000.png,0.6593802522307917,0.00636292287202471,2.000000000000001,0.6507913734559685,0.006171643346034391,1.998323917388916,1.9983237981796265,1.9983243942260742,1.998323917388916,1.9983243942260742,1.998323917388916,1.998323917388916,1.998323917388916,1.9983243942260742,1.998323917388916,1.9607712602009997e-05,1.1621711254119873,0.2607465386390686,1.2436645192792639e-05
results_5_3_2_square_0_3GHz_edge_calibrated_14000,14000.0,square_target\results_5_3_2_square_0_3GHz_edge_calibrated_14000\checkpoint_adam_014000.pt,square_target\results_5_3_2_square_0_3GHz_edge_calibrated_14000\comparison_adam_014000.png,0.660901421577631,0.006357384986421609,2.0100000000000007,0.6507913734559685,0.006171643346034391,2.0048701763153076,2.004871129989624,2.0048718452453613,2.004871368408203,2.0048718452453613,2.004871129989624,2.0048704147338867,2.004868507385254,2.0048718452453613,2.004870653152466,1.7959662727662362e-05,1.153989315032959,0.26504677534103394,1.2406788300722837e-05
results_5_3_2_square_0_3GHz_epsbin_0p01_highmat_0p001_2k,20000.0,square_target\results_5_3_2_square_0_3GHz_epsbin_0p01_highmat_0p001_2k\checkpoint_adam_020000.pt,square_target\results_5_3_2_square_0_3GHz_epsbin_0p01_highmat_0p001_2k\comparison_adam_020000.png,0.19720863837357414,0.9350779604895672,2.0700000000000007,0.0856074408735129,0.9897021788397781,1.7687549591064453,3.3362607955932617,3.8942065238952637,3.782217025756836,3.8891799449920654,3.1876089572906494,1.0370651483535767,1.0,3.8942065238952637,1.40493643283844,3.346634684930905e-07,0.020213060081005096,0.002015124075114727,8.470027751172893e-06
results_5_3_2_square_0_3GHz_epsbin_0p01_highmat_0p003_2k,20000.0,square_target\results_5_3_2_square_0_3GHz_epsbin_0p01_highmat_0p003_2k\checkpoint_adam_020000.pt,square_target\results_5_3_2_square_0_3GHz_epsbin_0p01_highmat_0p003_2k\comparison_adam_020000.png,0.1926130799634935,0.9385510531268098,2.040000000000001,0.08432003760011486,0.9900105304648683,1.7422921657562256,3.364762306213379,3.9264073371887207,3.8009588718414307,3.913353443145752,3.2193634510040283,1.0358792543411255,1.0,3.9264073371887207,1.4085006713867188,3.364408485140302e-07,0.02014937624335289,0.0020855041220784187,8.460378012387082e-06
results_5_3_2_square_0_3GHz_epsbin_0p01_highmat_0p01_2k,20000.0,square_target\results_5_3_2_square_0_3GHz_epsbin_0p01_highmat_0p01_2k\checkpoint_adam_020000.pt,square_target\results_5_3_2_square_0_3GHz_epsbin_0p01_highmat_0p01_2k\comparison_adam_020000.png,0.17860046588725365,0.9482022996105305,2.0700000000000007,0.0779149156372223,0.9914575223338673,1.7108211517333984,3.4402339458465576,3.975022077560425,3.835891008377075,3.9490456581115723,3.3083481788635254,1.032837986946106,1.0,3.975022077560425,1.418021321296692,3.6993864682699495e-07,0.021734807640314102,0.002432371024042368,8.457669537165202e-06
results_5_3_2_square_0_3GHz_fic100_6000,6000.0,square_target\results_5_3_2_square_0_3GHz_fic100_6000\checkpoint_adam_006000.pt,square_target\results_5_3_2_square_0_3GHz_fic100_6000\comparison_adam_006000.png,0.3010806084394636,0.8257115354908936,2.170000000000001,0.23837839379665152,0.9234493420628506,1.9855279922485352,2.8592522144317627,3.2113287448883057,3.183411121368408,3.2113287448883057,2.751199245452881,1.0945382118225098,1.0,3.2113287448883057,1.3768924474716187,2.1853747966815718e-06,0.08024637401103973,0.006854267790913582,9.16468707146123e-06
results_5_3_2_square_0_3GHz_fic300_3000,3000.0,square_target\results_5_3_2_square_0_3GHz_fic300_3000\checkpoint_adam_003000.pt,square_target\results_5_3_2_square_0_3GHz_fic300_3000\comparison_adam_003000.png,0.3154918799412663,0.8014315366870325,2.240000000000001,0.1473514347018786,0.9696266382770136,1.9621539115905762,2.6960368156433105,3.1076910495758057,3.0120413303375244,3.1076910495758057,2.5907020568847656,1.074745535850525,1.0,3.1076910495758057,1.3341522216796875,4.442218141775811e-06,0.24093389511108398,0.014461093582212925,8.823094503895845e-06
results_5_3_2_square_0_3GHz_fic500_3000,3000.0,square_target\results_5_3_2_square_0_3GHz_fic500_3000\checkpoint_adam_003000.pt,square_target\results_5_3_2_square_0_3GHz_fic500_3000\comparison_adam_003000.png,0.329656082386683,0.7798687587026523,2.160000000000001,0.16519975092413489,0.9616379911336375,1.856624960899353,2.6303584575653076,3.175678253173828,3.0445914268493652,3.175678253173828,2.4922807216644287,1.0782569646835327,1.0,3.175678253173828,1.3265931606292725,5.104506271891296e-06,0.3348153829574585,0.016338640823960304,9.062952813110314e-06
results_5_3_2_square_0_3GHz_field_integral_consistency_sanity3k,3000.0,square_target\results_5_3_2_square_0_3GHz_field_integral_consistency_sanity3k\checkpoint_adam_003000.pt,square_target\results_5_3_2_square_0_3GHz_field_integral_consistency_sanity3k\comparison_adam_003000.png,0.32643680005034315,0.7870771462539239,2.270000000000001,0.19788625362281512,0.9458082593683506,2.1222357749938965,2.6948702335357666,3.0194644927978516,2.9771909713745117,3.0194644927978516,2.6007630825042725,1.0911821126937866,1.0,3.0194644927978516,1.3477721214294434,3.131866833427921e-06,0.18244263529777527,0.010783085599541664,9.33487626753049e-06
results_5_3_2_square_0_3GHz_fixed_contrast_mask_sanity3k,3000.0,square_target\results_5_3_2_square_0_3GHz_fixed_contrast_mask_sanity3k\checkpoint_adam_003000.pt,square_target\results_5_3_2_square_0_3GHz_fixed_contrast_mask_sanity3k\comparison_adam_003000.png,0.32778696117556266,0.7853917131330327,2.270000000000001,0.20320415841005457,0.9430932725795842,2.136303186416626,2.695908308029175,3.0417428016662598,2.977163314819336,3.0417428016662598,2.602156400680542,1.093316912651062,1.0,3.0417428016662598,1.3497314453125,3.0674802928842837e-06,0.16765102744102478,0.010832412168383598,9.26120628719218e-06
results_5_3_2_square_0_3GHz_full_paper_30000,30000.0,square_target\results_5_3_2_square_0_3GHz_full_paper_30000\checkpoint_adam_030000.pt,square_target\results_5_3_2_square_0_3GHz_full_paper_30000\comparison_adam_030000.png,0.6196358278571389,0.006472931989954989,1.2,0.6507913734559685,0.006171643346034391,1.1704436540603638,1.1704436540603638,1.1704437732696533,1.1704436540603638,1.1704437732696533,1.1704436540603638,1.1704437732696533,1.1704435348510742,1.1704437732696533,1.1704437732696533,0.0007335070986300707,0.015329541638493538,0.016895215958356857,0.003046876285225153
results_5_3_2_square_0_3GHz_hard_boundary_outer_taper_sanity3k,3000.0,square_target\results_5_3_2_square_0_3GHz_hard_boundary_outer_taper_sanity3k\checkpoint_adam_003000.pt,square_target\results_5_3_2_square_0_3GHz_hard_boundary_outer_taper_sanity3k\comparison_adam_003000.png,0.2961477599463817,0.8377430367913398,1.9600000000000006,0.1781037698757314,0.9548152877628923,1.5393121242523193,2.9040958881378174,3.9703400135040283,3.7865095138549805,3.9703400135040283,2.6099581718444824,1.0603491067886353,1.0,3.9703400135040283,1.3553487062454224,1.858237010310404e-05,1.0281219482421875,0.06697110086679459,9.004433195514139e-06
results_5_3_2_square_0_3GHz_hb_clean_pde_3k,3000.0,square_target\results_5_3_2_square_0_3GHz_hb_clean_pde_3k\checkpoint_adam_003000.pt,square_target\results_5_3_2_square_0_3GHz_hb_clean_pde_3k\comparison_adam_003000.png,0.3288493897328107,0.7811237905150858,2.200000000000001,0.16420356243807677,0.962330079172806,1.963459849357605,2.6397817134857178,2.9620323181152344,2.916670322418213,2.9620323181152344,2.5474853515625,1.0811004638671875,1.0,2.9620323181152344,1.3304895162582397,3.6378155527927447e-06,0.19418755173683167,0.012062721885740757,9.077768481802195e-06
results_5_3_2_square_0_3GHz_hb_domain0735_3k,3000.0,square_target\results_5_3_2_square_0_3GHz_hb_domain0735_3k\checkpoint_adam_003000.pt,square_target\results_5_3_2_square_0_3GHz_hb_domain0735_3k\comparison_adam_003000.png,0.3366555442120713,0.7711583348359333,2.3000000000000007,0.19705537694981143,0.9461049254966101,2.158942699432373,2.650233268737793,2.949831247329712,2.8889498710632324,2.949831247329712,2.5706608295440674,1.0954737663269043,1.0,2.949831247329712,1.3442354202270508,3.4897325349447783e-06,0.1695745289325714,0.011225358583033085,9.270402188121807e-06
results_5_3_2_square_0_3GHz_hb_domain085_3k,3000.0,square_target\results_5_3_2_square_0_3GHz_hb_domain085_3k\checkpoint_adam_003000.pt,square_target\results_5_3_2_square_0_3GHz_hb_domain085_3k\comparison_adam_003000.png,0.3288493897328107,0.7811237905150858,2.200000000000001,0.16420356243807677,0.962330079172806,1.963459849357605,2.6397817134857178,2.9620323181152344,2.916670322418213,2.9620323181152344,2.5474853515625,1.0811004638671875,1.0,2.9620323181152344,1.3304895162582397,3.6378155527927447e-06,0.19418755173683167,0.012062721885740757,9.077768481802195e-06
results_5_3_2_square_0_3GHz_hb_domain088_3k,3000.0,square_target\results_5_3_2_square_0_3GHz_hb_domain088_3k\checkpoint_adam_003000.pt,square_target\results_5_3_2_square_0_3GHz_hb_domain088_3k\comparison_adam_003000.png,0.28929755843208554,0.8462162670392471,1.9300000000000006,0.16668287070799284,0.9610228720954171,1.567147970199585,2.9281744956970215,3.966761827468872,3.7958643436431885,3.966761827468872,2.638944625854492,1.0554965734481812,1.0,3.966761827468872,1.355125069618225,1.5852803699090146e-05,0.8718383312225342,0.06948012113571167,8.972199793788604e-06
results_5_3_2_square_0_3GHz_hb_domain090_3k,3000.0,square_target\results_5_3_2_square_0_3GHz_hb_domain090_3k\checkpoint_adam_003000.pt,square_target\results_5_3_2_square_0_3GHz_hb_domain090_3k\comparison_adam_003000.png,0.2960189376231881,0.8395069099342897,1.9100000000000006,0.1781037698757314,0.9552327963808743,1.542769193649292,2.9225854873657227,4.052439212799072,3.8732688426971436,4.052439212799072,2.6056909561157227,1.056203842163086,1.0,4.052439212799072,1.3548249006271362,1.5350608009612188e-05,0.979896605014801,0.07487203180789948,9.251420124201104e-06
results_5_3_2_square_0_3GHz_hb_domain092_3k,3000.0,square_target\results_5_3_2_square_0_3GHz_hb_domain092_3k\checkpoint_adam_003000.pt,square_target\results_5_3_2_square_0_3GHz_hb_domain092_3k\comparison_adam_003000.png,0.2935910699056629,0.8428756229998359,1.8900000000000006,0.16717432004191876,0.9607271563002413,1.542998194694519,2.9362354278564453,4.105591297149658,3.9002604484558105,4.105591297149658,2.614893674850464,1.0538890361785889,1.0,4.105591297149658,1.3550643920898438,1.5083935068105347e-05,0.9890110492706299,0.07464613020420074,9.342806151835248e-06
results_5_3_2_square_0_3GHz_hb_outer_taper_domain088_14000,14000.0,square_target\results_5_3_2_square_0_3GHz_hb_outer_taper_domain088_14000\checkpoint_adam_014000.pt,square_target\results_5_3_2_square_0_3GHz_hb_outer_taper_domain088_14000\comparison_adam_014000.png,0.297034912667083,0.840648980010255,1.9300000000000006,0.24749596717446276,0.917063653094658,1.7263143062591553,2.99747371673584,3.9267983436584473,3.8389196395874023,3.9267983436584473,2.7169911861419678,1.0776244401931763,1.0,3.9267983436584473,1.3848001956939697,9.150258847512305e-06,0.5902867317199707,0.020285267382860184,8.654055818624329e-06
results_5_3_2_square_0_3GHz_lbfgs_from_17000,17200.0,square_target\results_5_3_2_square_0_3GHz_lbfgs_from_17000\model_final.pt,square_target\results_5_3_2_square_0_3GHz_lbfgs_from_17000\comparison.png,0.22994420352569325,0.9121448825163919,1.8500000000000005,0.14186753563273247,0.9714020897317276,1.4148693084716797,3.282294750213623,3.990028142929077,3.932471513748169,3.990028142929077,3.0655689239501953,1.0305386781692505,1.0,3.990028142929077,1.3908195495605469,3.111290141077916e-07,0.007412076462060213,0.0012797699309885502,8.36738763609901e-06
results_5_3_2_square_0_3GHz_metric,30000.0,square_target\results_5_3_2_square_0_3GHz_metric\checkpoint_adam_030000.pt,square_target\results_5_3_2_square_0_3GHz_metric\comparison.png,0.2381854103611044,0.9081104257492282,1.6400000000000003,0.15192013612050295,0.9674263686113154,1.2876863479614258,3.3330068588256836,4.13472843170166,4.075865745544434,4.13472843170166,3.0853872299194336,1.0246556997299194,1.0,4.13472843170166,1.3939919471740723,3.984292789027677e-07,0.006519063375890255,0.0012932575773447752,8.02106751507381e-06
results_5_3_2_square_0_3GHz_only_edge_14k,14000.0,square_target\results_5_3_2_square_0_3GHz_only_edge_14k\checkpoint_adam_014000.pt,square_target\results_5_3_2_square_0_3GHz_only_edge_14k\comparison_adam_014000.png,0.3896897317048855,0.692651149107861,2.550000000000001,0.34584659712202576,0.8250657923631819,2.508380651473999,2.576629400253296,2.644716262817383,2.5896434783935547,2.63774037361145,2.572291612625122,1.1585992574691772,1.0,2.644716262817383,1.3854840993881226,1.940972651937045e-06,0.11684004962444305,0.027423469349741936,1.0269454833178315e-05
results_5_3_2_square_0_3GHz_only_edge_sanity3k,3000.0,square_target\results_5_3_2_square_0_3GHz_only_edge_sanity3k\checkpoint_adam_003000.pt,square_target\results_5_3_2_square_0_3GHz_only_edge_sanity3k\comparison_adam_003000.png,0.4320811536854188,0.5996051837782402,2.310000000000001,0.4867470626161844,0.7370825026270558,2.3125290870666504,2.3146958351135254,2.3154501914978027,2.315001964569092,2.3154501914978027,2.31459379196167,1.1653592586517334,1.0,2.315873384475708,1.3492530584335327,5.342300482880091e-06,0.24525651335716248,0.028141971677541733,1.0924424714175984e-05
results_5_3_2_square_0_3GHz_paper_edge_sanity3k,3000.0,square_target\results_5_3_2_square_0_3GHz_paper_edge_sanity3k\checkpoint_adam_003000.pt,square_target\results_5_3_2_square_0_3GHz_paper_edge_sanity3k\comparison_adam_003000.png,0.6507803569110536,0.006171753800739884,1.2,0.6507913734559685,0.006171643346034391,1.0000507831573486,1.000050663948059,1.0000509023666382,1.000050663948059,1.0000509023666382,1.000050663948059,1.0000507831573486,1.0000507831573486,1.0000509023666382,1.000050663948059,0.0016802039463073015,0.011656430549919605,0.01200348511338234,0.003854410257190466
results_5_3_2_square_0_3GHz_paper_plus_integral_sanity3k,3000.0,square_target\results_5_3_2_square_0_3GHz_paper_plus_integral_sanity3k\checkpoint_adam_003000.pt,square_target\results_5_3_2_square_0_3GHz_paper_plus_integral_sanity3k\comparison_adam_003000.png,0.6017936816010205,0.006622346329667229,1.6300000000000003,0.6507913734559685,0.006171643346034391,1.627408504486084,1.6274099349975586,1.6274113655090332,1.6274101734161377,1.6274112462997437,1.627409815788269,1.6274093389511108,1.6274068355560303,1.6274113655090332,1.6274093389511108,0.0016615521162748337,0.13662855327129364,0.10389634221792221,0.00021071036462672055
results_5_3_2_square_0_3GHz_structbest_ft_A_tv003_high_2k,16000.0,square_target\results_5_3_2_square_0_3GHz_structbest_ft_A_tv003_high_2k\checkpoint_adam_016000.pt,square_target\results_5_3_2_square_0_3GHz_structbest_ft_A_tv003_high_2k\comparison_adam_016000.png,0.17639514252728658,0.9490583272482811,2.1800000000000006,0.09783137099719627,0.9864918463296514,1.6670937538146973,3.423022508621216,3.9157023429870605,3.772176742553711,3.8838798999786377,3.30663800239563,1.035467267036438,1.0,3.9157023429870605,1.4174760580062866,5.606368063126865e-07,0.025415265932679176,0.003007390070706606,8.534381777280942e-06
results_5_3_2_square_0_3GHz_structbest_ft_B_tv001_high_2k,16000.0,square_target\results_5_3_2_square_0_3GHz_structbest_ft_B_tv001_high_2k\checkpoint_adam_016000.pt,square_target\results_5_3_2_square_0_3GHz_structbest_ft_B_tv001_high_2k\comparison_adam_016000.png,0.1851119346763964,0.9449180714735727,2.0300000000000007,0.12506682705636424,0.977918247925191,1.469915509223938,3.458376407623291,4.162941932678223,3.8632519245147705,4.07206916809082,3.3234176635742188,1.0302584171295166,1.0,4.162941932678223,1.4187573194503784,5.106865046400344e-07,0.016866466030478477,0.0021065990440547466,8.398463251069188e-06
results_5_3_2_square_0_3GHz_structbest_ft_C_tv001_binary_only_2k,16000.0,square_target\results_5_3_2_square_0_3GHz_structbest_ft_C_tv001_binary_only_2k\checkpoint_adam_016000.pt,square_target\results_5_3_2_square_0_3GHz_structbest_ft_C_tv001_binary_only_2k\comparison_adam_016000.png,0.20503463170477204,0.9302786710278078,2.0300000000000007,0.12809133226741695,0.9768324286558172,1.5204799175262451,3.3410518169403076,4.072595596313477,3.796159505844116,4.026406288146973,3.1893491744995117,1.0353010892868042,1.0,4.072595596313477,1.4042211771011353,4.3664056192938006e-07,0.013748878613114357,0.0016646633157506585,8.403081665164791e-06
results_5_3_2_square_0_3GHz_structbest_ft_D_tv002_high001_2k,16000.0,square_target\results_5_3_2_square_0_3GHz_structbest_ft_D_tv002_high001_2k\checkpoint_adam_016000.pt,square_target\results_5_3_2_square_0_3GHz_structbest_ft_D_tv002_high001_2k\comparison_adam_016000.png,0.1820867651128458,0.9461863775833552,2.170000000000001,0.12723452444212846,0.9770353621357438,1.522367238998413,3.438297986984253,4.0059919357299805,3.8248918056488037,3.9633476734161377,3.3094332218170166,1.033176064491272,1.0,4.0059919357299805,1.417995572090149,5.232084276940441e-07,0.019931448623538017,0.00243099732324481,8.438368240604177e-06
results_5_3_2_square_0_3GHz_structbest_ft_E_tv003_high0015_2k,16000.0,square_target\results_5_3_2_square_0_3GHz_structbest_ft_E_tv003_high0015_2k\checkpoint_adam_016000.pt,square_target\results_5_3_2_square_0_3GHz_structbest_ft_E_tv003_high0015_2k\comparison_adam_016000.png,0.1713110251060363,0.9524617851393445,2.200000000000001,0.1066573484829604,0.9839248146413319,1.585769772529602,3.465423822402954,3.9347848892211914,3.8049702644348145,3.909724712371826,3.3522417545318604,1.035583257675171,1.0,3.9347848892211914,1.4243578910827637,6.207244496181374e-07,0.027540430426597595,0.0032674423418939114,8.516546586179174e-06
results_5_3_2_square_0_3GHz_structbest_ft_F_tv002_high0007_2k,16000.0,square_target\results_5_3_2_square_0_3GHz_structbest_ft_F_tv002_high0007_2k\checkpoint_adam_016000.pt,square_target\results_5_3_2_square_0_3GHz_structbest_ft_F_tv002_high0007_2k\comparison_adam_016000.png,0.18710350455838298,0.9427705096255196,2.150000000000001,0.12506682705636424,0.9778193988412383,1.5248544216156006,3.4099855422973633,3.9888837337493896,3.8115668296813965,3.9559426307678223,3.2761247158050537,1.0339733362197876,1.0,3.9888837337493896,1.4141353368759155,5.074708155916596e-07,0.018360525369644165,0.002252408768981695,8.453671398456208e-06
results_5_3_2_square_0_3GHz_tvlep_binary_high_E_best,16000.0,square_target\results_5_3_2_square_0_3GHz_tvlep_binary_high_E_best\checkpoint_adam_016000.pt,square_target\results_5_3_2_square_0_3GHz_tvlep_binary_high_E_best\comparison_adam_016000.png,0.1713110251060363,0.9524617851393445,2.200000000000001,0.1066573484829604,0.9839248146413319,1.585769772529602,3.465423822402954,3.9347848892211914,3.8049702644348145,3.909724712371826,3.3522417545318604,1.035583257675171,1.0,3.9347848892211914,1.4243578910827637,6.207244496181374e-07,0.027540430426597595,0.0032674423418939114,8.516546586179174e-06
results_5_3_2_square_0_3GHz_tvlep_fic100_14000,14000.0,square_target\results_5_3_2_square_0_3GHz_tvlep_fic100_14000\checkpoint_adam_014000.pt,square_target\results_5_3_2_square_0_3GHz_tvlep_fic100_14000\comparison_adam_014000.png,0.21369930908086535,0.9191788382497519,2.4800000000000013,0.10247306581393356,0.985170690328918,1.8854098320007324,3.165846586227417,3.347635507583618,3.312300682067871,3.347635507583618,3.117027997970581,1.0502970218658447,1.0,3.347635507583618,1.3887850046157837,2.350834165554261e-06,0.049624405801296234,0.004552850034087896,8.329381671501324e-06
results_5_3_2_square_0_3GHz_tvlep_finetune_A_2k,16000.0,square_target\results_5_3_2_square_0_3GHz_tvlep_finetune_A_2k\checkpoint_adam_016000.pt,square_target\results_5_3_2_square_0_3GHz_tvlep_finetune_A_2k\comparison_adam_016000.png,0.20542336173783304,0.9264097100028921,2.240000000000001,0.06655820864890587,0.9937730913095068,1.9090678691864014,3.2065200805664062,3.5229218006134033,3.456153154373169,3.5146701335906982,3.1233088970184326,1.044545292854309,1.0,3.5229218006134033,1.3904613256454468,5.995919991619303e-07,0.02906506508588791,0.0033686901442706585,8.709015673957765e-06
results_5_3_2_square_0_3GHz_tvlep_finetune_B_2k,16000.0,square_target\results_5_3_2_square_0_3GHz_tvlep_finetune_B_2k\checkpoint_adam_016000.pt,square_target\results_5_3_2_square_0_3GHz_tvlep_finetune_B_2k\comparison_adam_016000.png,0.2010862149248023,0.9306813413667882,2.1800000000000006,0.07930636336879086,0.9911463165437581,1.7928861379623413,3.2604238986968994,3.709228277206421,3.601019859313965,3.681868314743042,3.146892547607422,1.0423640012741089,1.0,3.709228277206421,1.3972536325454712,5.482976916937332e-07,0.02457745559513569,0.0027459226548671722,8.626004273537546e-06
results_5_3_2_square_0_3GHz_tvlep_finetune_mid_1p5k,15500.0,square_target\results_5_3_2_square_0_3GHz_tvlep_finetune_mid_1p5k\checkpoint_adam_015500.pt,square_target\results_5_3_2_square_0_3GHz_tvlep_finetune_mid_1p5k\comparison_adam_015500.png,0.20584598761715436,0.9261826579815402,2.230000000000001,0.07054720489586634,0.993002276600062,1.882856845855713,3.2118070125579834,3.548588514328003,3.4748592376708984,3.5372700691223145,3.1241235733032227,1.0454192161560059,1.0,3.548588514328003,1.3920412063598633,7.096506351444987e-07,0.030967310070991516,0.003399247769266367,8.163711754605174e-06
